name,proline count,arginine count,lysine count,r/k ratio,aliphatic percent sum,aromaticity,flexibility sum,flexibility_avg,gravy
desa-Acaryochloris_marina_MBIC11017.fa_COG3239.faa.final_tree.fa___hmms___464ecd4c7ca2f52c6145bf6299ee3a95051e291927e1b72bcacb1d41,24,13,6,2.1666666666666665,0.2930513595166163,0.1661631419939577,316.46188095238097,0.9828008725229223,0.10725075528700904
desa-Acaryochloris_marina_MBIC11017.fa_COG3239.faa.final_tree.fa___hmms___7febfd52d0c3ebf28f5ed3da8b4b73adfe0abc0803a9c4b2ec0e2c42,19,16,9,1.7777777777777777,0.3291139240506329,0.16455696202531644,301.04634523809517,0.9806069877462383,0.20537974683544244
desa-Acaryochloris_marina_MBIC11017.fa_COG3239.faa.final_tree.fa___hmms___7f89ae835632f5efe2dfd448feecfc32f347ce51d312d7e52ea856c2,22,18,16,1.125,0.28337874659400547,0.17166212534059946,352.7504285714286,0.9853363926576217,-0.1125340599455041
desa-Acaryochloris_marina_MBIC11017.fa_COG3239.faa.final_tree.fa___hmms___bd2c9f64c2d257f1bce45df682d03ba72c31370401572f46b5e4d455,25,10,12,0.8333333333333334,0.3581081081081081,0.09797297297297297,283.480607142857,0.9877373071179687,0.24729729729729638
desa-Acaryochloris_marina_MBIC11017.fa_COG3239.faa.final_tree.fa___hmms___84b4cded2891087fbd4fa3835f498e52762cd6b615cc6112a07d84fa,17,12,17,0.7058823529411765,0.3057142857142857,0.15714285714285714,335.8490476190477,0.9848945677977939,0.0022857142857140795
desa-Acaryochloris_marina_S15.fa_COG3239.faa.final_tree.fa___hmms___b5c8b1537b06c9ac610bfda43ed3da72b58df12c612506b092cfe54f,20,16,9,1.7777777777777777,0.32278481012658233,0.16455696202531644,300.9624880952381,0.9803338374437722,0.20443037974683484
desa-Acaryochloris_marina_S15.fa_COG3239.faa.final_tree.fa___hmms___9694c4b13889fae7497aa2cb3d8a15783a30e8b6636386e8fc561164,21,16,18,0.8888888888888888,0.28610354223433243,0.16348773841961853,352.8164523809523,0.9855208167065707,-0.09155313351498638
desa-Acaryochloris_marina_S15.fa_COG3239.faa.final_tree.fa___hmms___07104ab3d97276df61d96bda4bae0c61578ac72b179f18df5749c7fb,16,17,11,1.5454545454545454,0.32,0.13066666666666665,360.99439285714294,0.9863234777517567,0.0719999999999997
desa-Acaryochloris_marina_S15.fa_COG3239.faa.final_tree.fa___hmms___bf6afb3888244739fa3f913209123d6cbd5b716115e9c4c7e1f228d4,17,10,16,0.625,0.3141210374639769,0.15561959654178675,333.1905357142857,0.9857708157227388,0.009221902017290885
desa-Acaryochloris_marina_S15.fa_COG3239.faa.final_tree.fa___hmms___bdec5e16868b6674ab119f5caf2dc57b131be8164cbf182f59b070b9,23,11,6,1.8333333333333333,0.2990936555891239,0.1691842900302115,316.39666666666676,0.9825983436853005,0.17190332326283975
desa-Allocoleopsis_franciscana_PCC_7113.fa_COG3239.faa.final_tree.fa___hmms___ed332fae61e76014672b69e19658b97829ee1cebd427e0c00f1cf330,27,16,19,0.8421052631578947,0.3064935064935065,0.16623376623376623,369.97897619047615,0.9839866388044578,0.08519480519480521
desa-Allocoleopsis_franciscana_PCC_7113.fa_COG3239.faa.final_tree.fa___hmms___f9498a281992d6813f344fa7ed60395b60c87d7e82439dc0d482562a,18,16,15,1.0666666666666667,0.2914285714285714,0.1657142857142857,335.1182976190477,0.9827516059209611,-0.00028571428571464634
desa-Allocoleopsis_franciscana_PCC_7113.fa_COG3239.faa.final_tree.fa___hmms___560d175fb7c57d1cf56904d8aab86c3d3ad09bad1f391bf8c9898d70,21,13,15,0.8666666666666667,0.30363036303630364,0.17491749174917492,289.0601666666666,0.9831978458049884,0.07128712871287121
desa-Allocoleopsis_franciscana_PCC_7113.fa_COG3239.faa.final_tree.fa___hmms___8febd499a53e202460e2531e0d0c99a44e0f7049d694080eb6b5f5a4,16,15,14,1.0714285714285714,0.31767955801104975,0.1408839779005525,348.09603571428573,0.9861077498988264,0.14558011049723735
desa-Allocoleopsis_franciscana_PCC_7113.fa_COG3239.faa.final_tree.fa___hmms___374fdd03673568ce20563a95e454e9eef5835379a3dda6a25c394e0b,21,13,14,0.9285714285714286,0.25977653631284914,0.18156424581005587,343.6582500000002,0.9846941260744991,-0.04944134078212292
desa-Anabaena_cylindrica_PCC_7122.fa_COG3239.faa.final_tree.fa___hmms___6ed894ef43102c7b18e9232088b48d63eebb6f3cdd1bab50809d199a,20,16,5,3.2,0.3286713286713287,0.1853146853146853,270.78608333333347,0.9775670878459692,0.13041958041958007
desa-Anabaena_cylindrica_PCC_7122.fa_COG3239.faa.final_tree.fa___hmms___8649bc780c31346887379a3807d958f7c8e5b47a169f07999250bece,15,11,21,0.5238095238095238,0.27635327635327633,0.16524216524216523,337.0928571428575,0.9856516290726828,-0.022792022792022682
desa-Anabaena_cylindrica_PCC_7122.fa_COG3239.faa.final_tree.fa___hmms___216bc7b24be6edd66b7594137424d7c729285286c9b4667055062079,20,9,20,0.45,0.2709497206703911,0.17597765363128492,344.7222976190475,0.9877429731204799,-0.08296089385474856
desa-Anabaena_cylindrica_PCC_7122.fa_COG3239.faa.final_tree.fa___hmms___54de19f4071ebeddd25fc2996ad25bf284c424fbddf66e6a7c42bba8,16,12,10,1.2,0.3141891891891892,0.1722972972972973,281.3727976190478,0.9803930230628842,0.159797297297297
desa-Anabaena_cylindrica_PCC_7122.fa_COG3239.faa.final_tree.fa___hmms___51a7a6d5d10f77c519fdb43d496b78877ed37ec5f4fe31bb112fccc7,18,13,17,0.7647058823529411,0.33870967741935487,0.12096774193548387,357.8754523809523,0.9858827889282433,0.09327956989247288
desa-Anabaena_sp_4-3.fa_COG3239.faa.final_tree.fa___hmms___214f7202f1d26288e5e36e09ee900af1b49fe21d40c77b61a6f6b55c,17,16,6,2.6666666666666665,0.33333333333333337,0.19713261648745523,263.32133333333337,0.9752641975308644,0.14265232974910358
desa-Anabaena_sp_4-3.fa_COG3239.faa.final_tree.fa___hmms___653b09b30a1084beeb43b08709318f50ec506bc287ba7dc4fb2e7d83,27,17,7,2.4285714285714284,0.34492753623188405,0.12173913043478261,329.9037023809525,0.9818562570861682,0.19188405797101385
desa-Anabaena_sp_4-3.fa_COG3239.faa.final_tree.fa___hmms___7eac5357443f6834c6358ec4179360a9f48b8471119e883fd3292caf,22,9,18,0.5,0.2591549295774648,0.17183098591549295,341.80392857142857,0.9878726259289843,-0.17267605633802804
desa-Anabaena_sp_4-3.fa_COG3239.faa.final_tree.fa___hmms___fd6757b705b9e5431d1d8a8694d81c1f8d1d7b0d7fa5a5e5cf570afa,17,16,21,0.7619047619047619,0.29714285714285715,0.15714285714285714,335.8720238095239,0.9849619466554953,-0.05485714285714277
desa-Anabaena_sp_4-3.fa_COG3239.faa.final_tree.fa___hmms___edf418d1cb2b76e4c3351c86b759c439e72a4b8c8dab6b7599613ffe,16,12,11,1.0909090909090908,0.31756756756756754,0.17567567567567569,281.177023809524,0.9797108843537421,0.15033783783783763
desa-Anabaena_sp_90.fa_COG3239.faa.final_tree.fa___hmms___bc200d415d5227b43e038a438467999a47db52950b70e8e74a79db5f,22,10,14,0.7142857142857143,0.31,0.14666666666666667,286.3930357142858,0.9841685076092296,0.25066666666666637
desa-Anabaena_sp_90.fa_COG3239.faa.final_tree.fa___hmms___70f7706b1337549de0899dc48e48de9c5c87e791516335860875732f,15,12,9,1.3333333333333333,0.3197278911564626,0.17346938775510204,279.130880952381,0.9794065998329158,0.215646258503401
desa-Anabaena_sp_90.fa_COG3239.faa.final_tree.fa___hmms___c5c936f478334c1000555cb59709fe10c4be71d78c9a4d7a7728017a,14,12,24,0.5,0.2913165266106442,0.16246498599439774,342.947,0.9854798850574713,-0.008683473389355816
desa-Anabaena_sp_90.fa_COG3239.faa.final_tree.fa___hmms___03fc2cc0794cfa0a0c0dd60e7891ef8a7256cd4b6b3a7b9aaca116ea,22,8,19,0.42105263157894735,0.25977653631284914,0.17039106145251398,345.0732261904764,0.9887484991131129,-0.12430167597765353
desa-Anabaena_sp_90.fa_COG3239.faa.final_tree.fa___hmms___4baedbf3c8e7c2982e25336535ff359db6df34d57fa63a548916cb1a,24,13,19,0.6842105263157895,0.3125,0.16304347826086957,353.49660714285733,0.984670214882611,0.20163043478260828
desa-Anabaena_sp_AL93.fa_COG3239.faa.final_tree.fa___hmms___40d5efb334db6e86b60631c6fa8e1e87ca1e107b91c85e78ca896ead,9,3,7,0.42857142857142855,0.25170068027210885,0.17006802721088435,136.41167857142855,0.9884904244306417,-0.17823129251700678
desa-Anabaena_sp_AL93.fa_COG3239.faa.final_tree.fa___hmms___2d0a76efb7d15771f334d6f37ee251e99cf86249596ead4c23e75959,15,12,22,0.5454545454545454,0.28977272727272724,0.1647727272727273,337.8349761904763,0.9849416215465782,-0.024715909090909052
desa-Anabaena_sp_AL93.fa_COG3239.faa.final_tree.fa___hmms___6a793b992dfa1633ce12c7e1f24eda3f5ae4f27c6d6a5a9e5a315d3f,14,12,19,0.631578947368421,0.32727272727272727,0.13506493506493505,370.82615476190495,0.9862397733029387,0.08805194805194778
desa-Anabaena_sp_AL93.fa_COG3239.faa.final_tree.fa___hmms___72ff08b2c9afdebd41c3fd408b41440f9bed18cda935c4b70950a7e4,12,13,8,1.625,0.3763066202090592,0.10452961672473868,273.0861904761902,0.982324426173346,0.1682926829268289
desa-Anabaena_sp_AL93.fa_COG3239.faa.final_tree.fa___hmms___2409d2271f93221eb903eb7c552d86160fd997d45ae05dfb13799cbc,10,2,9,0.2222222222222222,0.2608695652173913,0.18115942028985507,127.22021428571433,0.9862032115171654,-0.2253623188405797
desa-Anabaena_sp_CRKS33.fa_COG3239.faa.final_tree.fa___hmms___4f1e8b8862db158cadaab0e1178826fbc39292c144a95b7576b14466,15,12,8,1.5,0.32081911262798635,0.1706484641638225,278.19726190476194,0.9795678236083167,0.21365187713310535
desa-Anabaena_sp_CRKS33.fa_COG3239.faa.final_tree.fa___hmms___28137e7e748a4e0785945380756179afbec4974bf294712fa76c84b2,27,20,20,1.0,0.3237410071942446,0.1486810551558753,402.22783333333354,0.985852532679739,0.1923261390887285
desa-Anabaena_sp_CRKS33.fa_COG3239.faa.final_tree.fa___hmms___b17e2e09c09152b23620c2fc37e2a4a45198b5a54cd98e954e7e4799,22,7,22,0.3181818181818182,0.25977653631284914,0.17039106145251398,345.2648809523811,0.989297653158685,-0.162849162011173
desa-Anabaena_sp_CRKS33.fa_COG3239.faa.final_tree.fa___hmms___5a121c91fa35d5ee8f1190a444ebd81fd6f2065f5d28a375630dbad0,13,14,21,0.6666666666666666,0.28611898016997167,0.1643059490084986,338.8541785714284,0.9850412167774082,-0.05637393767705377
desa-Anabaena_sp_PCC_7108.fa_COG3239.faa.final_tree.fa___hmms___206a4a10d1e32092f003f0f761ea507298b52d4f2fde6cf117990145,9,5,13,0.38461538461538464,0.3024193548387097,0.1774193548387097,234.29347619047618,0.9803074317593146,0.16693548387096732
desa-Anabaena_sp_PCC_7108.fa_COG3239.faa.final_tree.fa___hmms___5076dac20d19193ff653831851cc5030323b8e58a873dcfc93d2012e,21,14,5,2.8,0.31899641577060933,0.1863799283154122,264.2974404761907,0.9788794091710765,0.12508960573476688
desa-Anabaena_sp_PCC_7108.fa_COG3239.faa.final_tree.fa___hmms___470f56cd414e355323586abe0d3a1bb1090b9f7eba47a349f6624755,16,11,20,0.55,0.32795698924731187,0.12365591397849462,358.42126190476154,0.98738639643185,0.04999999999999987
desa-Anabaena_sp_PCC_7108.fa_COG3239.faa.final_tree.fa___hmms___6253d657031cb6af79f4d222c7be8bd7a27535adf3c8c3397e6654de,23,8,19,0.42105263157894735,0.2591549295774648,0.17464788732394365,341.81674999999996,0.9879096820809248,-0.12704225352112664
desa-Anabaena_sp_PCC_7108.fa_COG3239.faa.final_tree.fa___hmms___ee425f7276f62a6846568debfcc17ec5ac3ad120ebb5fb67129d5b2a,14,11,21,0.5238095238095238,0.27999999999999997,0.16285714285714287,336.247416666667,0.9860628054740967,-0.037142857142857075
desa-Anabaena_sp_PCC_7108.fa_COG3239.faa.final_tree.fa___hmms___410986122c6011aface203b892834d1c5364984b9797221a20c8b7b9,15,12,10,1.2,0.31864406779661014,0.17288135593220338,280.2393333333335,0.9798578088578094,0.18576271186440643
desa-Anabaena_sp_WA102.fa_COG3239.faa.final_tree.fa___hmms___f6346b4933013ab20f8ac55aa59a385c71687460baa9e591f1a07b96,14,12,19,0.631578947368421,0.32727272727272727,0.13506493506493505,370.82615476190495,0.9862397733029387,0.08805194805194778
desa-Anabaena_sp_WA102.fa_COG3239.faa.final_tree.fa___hmms___f101f3f70cdfcd340a696c4a75014377e0d8099f14b9a5d10592bbcb,10,9,14,0.6428571428571429,0.31699346405228757,0.16993464052287582,292.060119047619,0.9833674042007374,0.14281045751633947
desa-Anabaena_sp_WA102.fa_COG3239.faa.final_tree.fa___hmms___ba828da3306da5e8ac2451d32f9b55413b7b69f9ec4a49268b9b2a8e,20,12,19,0.631578947368421,0.27807486631016043,0.160427807486631,360.0349404761903,0.9863970971950419,0.043048128342246
desa-Anabaena_sp_WA102.fa_COG3239.faa.final_tree.fa___hmms___0c98f0f1f474de1c13cc4b74e09d031c0778713bf899ad839a34e45e,16,15,17,0.8823529411764706,0.2807486631016043,0.16310160427807485,360.09633333333306,0.9865652968036522,0.019786096256684472
desa-Anabaena_sp_WA102.fa_COG3239.faa.final_tree.fa___hmms___adcb9938e55908164bbab8a745df0c236dfb3f19616b5137f32e6eaa,15,12,7,1.7142857142857142,0.32423208191126285,0.16382252559726962,278.1368333333333,0.9793550469483567,0.22696245733788348
desa-Anabaena_sp_WA102.fa_COG3239.faa.final_tree.fa___hmms___7931914bc824432ce7ecdfa80ec85bb144738b078ebcb427d7335139,23,8,20,0.4,0.2569832402234637,0.17318435754189943,345.0822142857145,0.9887742529676633,-0.15586592178770942
desa-Anabaena_sp_WA102.fa_COG3239.faa.final_tree.fa___hmms___e2efe1d613878570bf40afe2066eb778651d10fa8fb30a75d58b8b96,15,12,22,0.5454545454545454,0.28977272727272724,0.1647727272727273,337.8349761904763,0.9849416215465782,-0.024715909090909052
desa-Anabaena_sp_WA102.fa_COG3239.faa.final_tree.fa___hmms___1f3cb7a1e165b443750e4127ec95c39039173c53b5d62caa1ce25dc0,13,8,24,0.3333333333333333,0.34534534534534533,0.15615615615615616,318.4435595238099,0.9828504923574379,0.30930930930930955
desa-Anabaena_sp_YBS01.fa_COG3239.faa.final_tree.fa___hmms___9b5cfb164075c9cc449c03b4c873d08c26b818f8b250233f57b1282a,16,12,13,0.9230769230769231,0.31699346405228757,0.16993464052287582,291.4209523809527,0.9812153278819956,0.11111111111111095
desa-Anabaena_sp_YBS01.fa_COG3239.faa.final_tree.fa___hmms___b6d5db1d7736f8de3fb8af8cf48f29cc13cc665ba7e4d1d12531f451,19,9,19,0.47368421052631576,0.2590529247910863,0.16991643454038996,345.60798809523794,0.9874513945578227,-0.16044568245125332
desa-Anabaena_sp_YBS01.fa_COG3239.faa.final_tree.fa___hmms___a097d174fdd45e92f4437d133d8e68850a41f945061e16ec33ac1114,17,16,23,0.6956521739130435,0.28285714285714286,0.16285714285714287,336.25039285714274,0.986071533305404,-0.11685714285714273
desa-Anabaena_sp_YBS01.fa_COG3239.faa.final_tree.fa___hmms___dc28bb05b75535853d95436fe3b747f0f8b7753941cbcafb6783711d,21,12,10,1.2,0.3157894736842105,0.18596491228070175,270.57952380952406,0.9803605935127684,0.0842105263157894
desa-Anabaena_sp_YBS01.fa_COG3239.faa.final_tree.fa___hmms___096e994c15b4c14482336fb0421159f3adc8ca3e813861e0bbe2e6b2,10,4,11,0.36363636363636365,0.29527559055118113,0.15748031496062992,240.43817857142878,0.9813803206997093,0.10393700787401532
desa-Anabaena_sp_YBS01.fa_COG3239.faa.final_tree.fa___hmms___a24ebe2ff0a406fc445dd4afec57802ab0fef9bc1f80dd3648942b3f,15,4,16,0.25,0.3062015503875969,0.16666666666666669,244.59791666666672,0.9823209504685411,0.21046511627906908
desa-Anthocerotibacter_panamensis_C109.fa_COG3239.faa.final_tree.fa___hmms___94b36141f7593ef65387c43b4b2ffc48b7d54ca9fa8e5e21084911fa,18,23,8,2.875,0.3162393162393162,0.14245014245014245,334.94546428571414,0.9793727025898075,0.08119658119658096
desa-Anthocerotibacter_panamensis_C109.fa_COG3239.faa.final_tree.fa___hmms___a975a4767f320bc0758d93917e976728751122551de10680395d4ac8,16,12,9,1.3333333333333333,0.33461538461538465,0.13846153846153847,246.3156666666668,0.9813373173970789,0.18230769230769164
desa-Anthocerotibacter_panamensis_C109.fa_COG3239.faa.final_tree.fa___hmms___d8ecb9ce63086687b892c342ab0bdc05d08d63399404041bd5ea3116,15,18,11,1.6363636363636365,0.2845070422535211,0.17746478873239435,339.5357976190476,0.9813173341590972,-0.09323943661971826
desa-Anthocerotibacter_panamensis_C109.fa_COG3239.faa.final_tree.fa___hmms___77b0c8b08a10460b19712bfc3ed9c7f61bc596b79c8943315aadbb00,17,16,8,2.0,0.33618233618233617,0.15954415954415954,335.1773214285713,0.9800506474519629,0.13219373219373168
desa-Aphanizomenon_flos-aquae_LD13.fa_COG3239.faa.final_tree.fa___hmms___ce5488568a695f79a7802907da42f9b2e60e2bb91a2d63a6f14718d0,25,7,20,0.35,0.2569832402234637,0.17039106145251398,345.02017857142874,0.9885965002046669,-0.13324022346368705
desa-Aphanizomenon_flos-aquae_LD13.fa_COG3239.faa.final_tree.fa___hmms___eccd2532185b449eec1c4701589dd713b7bb830456602ce3b4d3a392,15,14,22,0.6363636363636364,0.29261363636363635,0.16761363636363635,337.73547619047633,0.9846515340830214,-0.02840909090909087
desa-Aphanizomenon_flos-aquae_LD13.fa_COG3239.faa.final_tree.fa___hmms___02ebc214799e85fe8b5a85726d48b5c93ff280199d6d806b5715a113,15,12,9,1.3333333333333333,0.3174061433447099,0.16382252559726962,278.5042619047619,0.9806488095238095,0.17167235494880514
desa-Aphanizomenon_flos-aquae_LD13.fa_COG3239.faa.final_tree.fa___hmms___e1608d024c01f8d3aba5f23efe57c5fb36a58cc0395a3d5112babce2,28,19,19,1.0,0.33014354066985646,0.14354066985645933,403.05045238095266,0.9854534288042852,0.22679425837320508
desa-Aphanizomenon_flos-aquae_MDT14a.fa_COG3239.faa.final_tree.fa___hmms___0d5666f43bac38f614e23d1e8aa7ba7db88f2a944b3024d3b7e80a00,27,19,19,1.0,0.33253588516746413,0.14354066985645933,403.0564523809527,0.9854680987309357,0.22631578947368353
desa-Aphanizomenon_flos-aquae_MDT14a.fa_COG3239.faa.final_tree.fa___hmms___efd398895cf2eefa023623707cf3287d5fa9135051a3b593f5cdd0a4,15,12,9,1.3333333333333333,0.32081911262798635,0.16382252559726962,278.42026190476196,0.9803530348759224,0.18976109215017037
desa-Aphanizomenon_flos-aquae_MDT14a.fa_COG3239.faa.final_tree.fa___hmms___5efd4afd0f2c70d232e417daa3a5b2eaa80b5df348f9008d69f317ca,15,14,22,0.6363636363636364,0.29261363636363635,0.16761363636363635,337.73547619047633,0.9846515340830214,-0.02840909090909087
desa-Aphanizomenon_flos-aquae_MDT14a.fa_COG3239.faa.final_tree.fa___hmms___07e595947b9862b31f031c8e2b5b7f7c7f94a08213fc5d2959ee3897,23,7,20,0.35,0.2569832402234637,0.17318435754189943,344.9081309523811,0.9882754468549602,-0.12234636871508375
desa-Aphanizomenon_flos-aquae_UKL13-PB.fa_COG3239.faa.final_tree.fa___hmms___a89d7bf9bdfa186f058e41204f1b3e9a63d608949b2973ce28860975,15,12,9,1.3333333333333333,0.32081911262798635,0.16382252559726962,278.42026190476196,0.9803530348759224,0.18976109215017037
desa-Aphanizomenon_flos-aquae_UKL13-PB.fa_COG3239.faa.final_tree.fa___hmms___eeaa261f24f42209c3ce2437f422d9a40755c3fa1cd931b4d7165907,27,19,19,1.0,0.33253588516746413,0.14354066985645933,403.0564523809527,0.9854680987309357,0.22631578947368353
desa-Aphanizomenon_flos-aquae_UKL13-PB.fa_COG3239.faa.final_tree.fa___hmms___6d25e74034a45f38a1acbceda7cec477c04831a0eb2f70016057694a,23,7,20,0.35,0.2569832402234637,0.17318435754189943,344.9081309523811,0.9882754468549602,-0.12234636871508375
desa-Aphanizomenon_flos-aquae_UKL13-PB.fa_COG3239.faa.final_tree.fa___hmms___20e0fd303716c08419f867d3825f9314c954ca2468f379021e8a1b75,15,14,22,0.6363636363636364,0.29261363636363635,0.16761363636363635,337.73547619047633,0.9846515340830214,-0.02840909090909087
desa-Arthrospira_sp_PCC_9108.fa_COG3239.faa.final_tree.fa___hmms___f6ff62ad3083e75769dc361903847762dc33ad04970c94e8f70af81f,20,14,15,0.9333333333333333,0.28370786516853935,0.15730337078651685,342.0190476190475,0.9856456703718949,-0.07387640449438222
desa-Arthrospira_sp_PCC_9108.fa_COG3239.faa.final_tree.fa___hmms___3e30f63dc55f90edbe1b2f1da9d04681c6e42cf9d390844f0de09ee7,21,13,13,1.0,0.3315217391304348,0.1467391304347826,352.7861309523811,0.9826911725693066,0.20733695652173872
desa-Arthrospira_sp_PCC_9108.fa_COG3239.faa.final_tree.fa___hmms___c0ec855f4696f9566ca8f43920ed5d6a1644c75a6e91fcf00e2ab1d3,23,9,16,0.5625,0.33423913043478265,0.14945652173913043,353.24970238095216,0.9839824578856606,0.20027173913043456
desa-Arthrospira_sp_PCC_9108.fa_COG3239.faa.final_tree.fa___hmms___7f5dba946e32925bc86314e4fa8a2e40c850c7fd3cdf4e5d9fd99a24,21,14,11,1.2727272727272727,0.32558139534883723,0.15946843853820597,286.2819523809524,0.980417645140248,0.15149501661129502
desa-Calothrix_sp_336_3.fa_COG3239.faa.final_tree.fa___hmms___16f279ceb563572f33c02e3d0c8f6f553d819c903c5ee7b8782555a0,19,12,22,0.5454545454545454,0.2905982905982906,0.16524216524216523,336.84220238095236,0.9849187204121413,-0.055840455840455765
desa-Calothrix_sp_336_3.fa_COG3239.faa.final_tree.fa___hmms___028589bea9a1b72433a14c1d5e002d5eb1fbd1a4cd91d26f491948a7,20,10,20,0.5,0.274869109947644,0.16492146596858637,368.4970000000003,0.9879276139410196,-0.07643979057591628
desa-Calothrix_sp_336_3.fa_COG3239.faa.final_tree.fa___hmms___7fc68351a3144e3ea4cfde8a047d124803e47a264f8042e38beca8f1,21,12,13,0.9230769230769231,0.32094594594594594,0.1722972972972973,281.6484047619049,0.9813533266965327,0.24256756756756692
desa-Calothrix_sp_HK-06.fa_COG3239.faa.final_tree.fa___hmms___5fa2f4e0016271b870f745b4de758a48c665e6117bb202a4dc9a915d,14,4,13,0.3076923076923077,0.3010033444816054,0.13043478260869565,285.733988095238,0.9852896141215103,-0.03411371237458232
desa-Calothrix_sp_HK-06.fa_COG3239.faa.final_tree.fa___hmms___ebbdcd6e27080e2cb819a34cb2ffcd1e8be80433122ca8e68686c4b7,19,15,21,0.7142857142857143,0.34537246049661396,0.1218961625282167,427.8118452380947,0.9857415788896191,0.17652370203160272
desa-Calothrix_sp_HK-06.fa_COG3239.faa.final_tree.fa___hmms___56e9fb51aa89f7614ebf9c3117337d94b5031b7fc252d59e6137ef70,12,14,12,1.1666666666666667,0.319078947368421,0.1513157894736842,289.3644166666667,0.980896327683616,0.20559210526315747
desa-Calothrix_sp_HK-06.fa_COG3239.faa.final_tree.fa___hmms___dbc03b99057370803800063841f60b140a541fbb15775a75831adc31,18,14,12,1.1666666666666667,0.32907348242811496,0.1597444089456869,298.3841666666667,0.9815268640350879,0.24057507987220397
desa-Calothrix_sp_HK-06.fa_COG3239.faa.final_tree.fa___hmms___cc2ad66d6db024612387c44e356f393f495fa1471fd913f730ec1df6,16,16,22,0.7272727272727273,0.2849162011173184,0.164804469273743,344.3202619047618,0.9865910083230998,-0.1234636871508379
desa-Calothrix_sp_HK-06.fa_COG3239.faa.final_tree.fa___hmms___5b85c7a4a2d586e7428090b905d2c3c9397c465855f7c41a1f2e1c91,26,10,16,0.625,0.3315508021390374,0.1497326203208556,359.2389285714288,0.9842162426614488,0.23983957219251323
desa-Calothrix_sp_HK-06.fa_COG3239.faa.final_tree.fa___hmms___a36810a1781243dab40bd357a07ed7829608f86222c006dfd9ff4f1d,24,9,19,0.47368421052631576,0.2590529247910863,0.17270194986072424,345.37558333333305,0.9867873809523802,-0.02367688022284136
desa-Calothrix_sp_HK-06.fa_COG3239.faa.final_tree.fa___hmms___36ed4dd4fe1602c4fa81cc25223a419662de34200ee9c6756dfec657,25,19,29,0.6551724137931034,0.3053763440860215,0.13548387096774192,451.1375476190472,0.9893367272347526,0.07655913978494604
desa-Calothrix_sp_HK-06.fa_COG3239.faa.final_tree.fa___hmms___42976e0313c76b464b32c4837ceddb58c78016cc26b9740b332919ef,18,11,9,1.2222222222222223,0.3523131672597865,0.12455516014234874,266.901904761905,0.9812570028011213,0.3181494661921706
desa-Calothrix_sp_HK-06.fa_COG3239.faa.final_tree.fa___hmms___0db78117d0016da11c3526c6eee3bdd79909f3b4fe8c2265f934fc2f,12,10,15,0.6666666666666666,0.2878228782287823,0.16974169741697417,257.94195238095244,0.9845112686295895,-0.04649446494464986
desa-Calothrix_sp_HK-06.fa_COG3239.faa.final_tree.fa___hmms___88ac0ead395367c3a4a21516ea3a27e2a90324e0d0822b2f668eaf02,17,12,10,1.2,0.3121019108280255,0.14012738853503184,300.20339285714283,0.984273419203747,0.07356687898089179
desa-Calothrix_sp_HK-06.fa_COG3239.faa.final_tree.fa___hmms___a13ec6f934f0708bc74943fef34b3a080bb29c7e6b6b4885ab2bb5a9,18,11,11,1.0,0.3107142857142857,0.18928571428571428,265.92005952380964,0.9812548321911795,0.11214285714285695
desa-Calothrix_sp_NIES-2098.fa_COG3239.faa.final_tree.fa___hmms___ad999ca850c81f52d6a9aa7dc0f7a431e715cdefa7ef0a6e1ef10a46,9,8,8,1.0,0.32295719844357973,0.17509727626459143,243.15951190476204,0.9804819028417824,0.20311284046692574
desa-Calothrix_sp_NIES-2098.fa_COG3239.faa.final_tree.fa___hmms___e0ed950c8e7d1c470520d2aa2d04c1949faba744b9968694b47226e7,5,8,14,0.5714285714285714,0.33935018050541516,0.16606498194945848,262.76922619047633,0.9804821872778967,0.3285198555956678
desa-Calothrix_sp_NIES-2098.fa_COG3239.faa.final_tree.fa___hmms___802579ea0d4de53809e05e4cfeba1fae40b2c869717cf5a8158cd3ea,19,16,6,2.6666666666666665,0.328125,0.11875,306.5845833333331,0.9858025187566981,0.035624999999999914
desa-Calothrix_sp_NIES-2098.fa_COG3239.faa.final_tree.fa___hmms___9c4d5f76f60885f3b8d138cb10fb3e20e2d8ac812440bfe1561e072d,22,12,11,1.0909090909090908,0.30877192982456136,0.20701754385964913,270.4872738095238,0.9800263543823327,0.1228070175438592
desa-Calothrix_sp_NIES-2098.fa_COG3239.faa.final_tree.fa___hmms___4e457adbbdf5a42cf4c164cffcca9e9172b70a18f0d92fe400e43ce1,26,11,19,0.5789473684210527,0.3136729222520107,0.1581769436997319,357.82560714285705,0.9830373822605963,0.17855227882037514
desa-Calothrix_sp_NIES-2098.fa_COG3239.faa.final_tree.fa___hmms___fe555820b8454fc25db7f968fe3d277e6721757aeb30fa7ca44d5398,16,13,22,0.5909090909090909,0.2971428571428571,0.16285714285714287,336.00941666666677,0.9853648582600198,-0.03999999999999991
desa-Calothrix_sp_NIES-2098.fa_COG3239.faa.final_tree.fa___hmms___a1ff2332a836b0aa74d2c86db6b7e022ce4f2ef83e3e24ebe8b12ad4,23,20,10,2.0,0.3314285714285714,0.12000000000000001,335.79986904761915,0.9847503491132527,0.10771428571428518
desa-Calothrix_sp_NIES-2098.fa_COG3239.faa.final_tree.fa___hmms___96d515a1be8635cf253d7526a7ebceb4f1cc17337673c4be5bb3bbb3,16,14,17,0.8235294117647058,0.327536231884058,0.15652173913043477,330.79179761904743,0.9844993976757364,0.19623188405797093
desa-Calothrix_sp_NIES-2098.fa_COG3239.faa.final_tree.fa___hmms___4ed1bc2d1d30cde8ed118ddc0433d4efabe00fd01a3055a140ab464c,18,18,5,3.6,0.3133802816901408,0.1971830985915493,268.8586785714288,0.977667922077923,0.06091549295774637
desa-Calothrix_sp_NIES-2098.fa_COG3239.faa.final_tree.fa___hmms___77e174ac58a3b237dc52faccd369f5601ba616031597f15054ef82e3,14,14,9,1.5555555555555556,0.31438127090301005,0.17391304347826086,283.8923809523811,0.978939244663383,0.11872909698996624
desa-Calothrix_sp_NIES-2098.fa_COG3239.faa.final_tree.fa___hmms___a270f9ce3eda21f1c4c1324dd6477fefbc911ea39d9ed1b4b27aaa14,13,1,12,0.08333333333333333,0.30078125,0.16796875,242.0710952380952,0.9800449199922883,0.1632812499999994
desa-Calothrix_sp_NIES-3974.fa_COG3239.faa.final_tree.fa___hmms___df7c8df95dd26a5a53f4033c63595ac963cbcc6b38df501f1824ab23,17,14,16,0.875,0.3198757763975155,0.15838509316770186,307.90683333333345,0.9837279020234295,0.11863354037267042
desa-Calothrix_sp_NIES-3974.fa_COG3239.faa.final_tree.fa___hmms___036b29ffa58b0b6fcb04e35dd0b3888732f0537f937cf4afa33364fb,21,9,21,0.42857142857142855,0.24860335195530725,0.18156424581005587,343.9688214285713,0.9855840155546455,-0.16424581005586575
desa-Calothrix_sp_NIES-3974.fa_COG3239.faa.final_tree.fa___hmms___29057b39684a60865934524b1c6ad0e092455c2f4cb41144afdcd8c2,25,10,16,0.625,0.34316353887399464,0.14209115281501342,357.55611904761946,0.9822970303506029,0.23941018766756011
desa-Calothrix_sp_NIES-3974.fa_COG3239.faa.final_tree.fa___hmms___b454f9980f1e38ec798a077d20bc433b69a701fb2e5a57cfa2f88ebc,20,14,19,0.7368421052631579,0.2676056338028169,0.17464788732394365,341.31979761904773,0.9864734035232593,-0.1619718309859154
desa-Calothrix_sp_NIES-3974.fa_COG3239.faa.final_tree.fa___hmms___4c74bd0612094597bfc395a3183d86089701ce0e166ab0c030e1a00a,10,6,8,0.75,0.31092436974789917,0.17647058823529413,223.66371428571432,0.9766974422956958,0.21932773109243647
desa-Calothrix_sp_NIES-4071.fa_COG3239.faa.final_tree.fa___hmms___1483b0181043031bfa834cb1236fed19d306ffd3c0d0315131b63f10,16,9,18,0.5,0.3370165745856354,0.12430939226519336,348.65486904761906,0.9876908471603939,0.15138121546961297
desa-Calothrix_sp_NIES-4071.fa_COG3239.faa.final_tree.fa___hmms___f05cda855be0ef1692542ee5e0142086cee894eb27528cba79eb22dc,18,13,12,1.0833333333333333,0.3175074183976261,0.13649851632047477,323.23744047619067,0.9854800014518008,0.0839762611275962
desa-Calothrix_sp_NIES-4071.fa_COG3239.faa.final_tree.fa___hmms___f95b83d23f527eba4d113b0148dcaad89618d78faff4ca0828c173c8,10,11,13,0.8461538461538461,0.2801556420233463,0.16731517509727628,243.84944047619047,0.9832638728878648,-0.08949416342412504
desa-Calothrix_sp_NIES-4071.fa_COG3239.faa.final_tree.fa___hmms___ecfd33165448458d056b0b37a05030e692c68d92ff49f9979061840e,12,5,12,0.4166666666666667,0.2936802973977695,0.15613382899628253,255.6573809523809,0.9832976190476188,-0.050929368029740116
desa-Calothrix_sp_NIES-4071.fa_COG3239.faa.final_tree.fa___hmms___b0c5bfab900bd76a9e33f1b3e33ccf4028c335a48816e0e0f9937bf4,20,11,10,1.1,0.3096085409252669,0.19572953736654805,266.7819166666669,0.9808158700980402,0.11921708185053351
desa-Calothrix_sp_NIES-4071.fa_COG3239.faa.final_tree.fa___hmms___3510c0c00c2c26f821025ffc38500658264e9f9f60313dcf5aaee779,17,12,23,0.5217391304347826,0.29329608938547486,0.1564245810055866,344.4297380952383,0.9869046936826312,-0.028491620111731855
desa-Calothrix_sp_NIES-4071.fa_COG3239.faa.final_tree.fa___hmms___39134dc8a21b143155fb0d7f6abfa9615867c41d7398dd9fcc768623,25,11,16,0.6875,0.33695652173913043,0.1440217391304348,353.01303571428565,0.9833232192598486,0.27228260869565196
desa-Calothrix_sp_NIES-4071.fa_COG3239.faa.final_tree.fa___hmms___02c913debc89f645c63e209f58c7d1105cf4879235f0736c8744e304,21,8,22,0.36363636363636365,0.24722222222222223,0.18055555555555552,346.1429047619048,0.9861621218287886,-0.06277777777777782
desa-Calothrix_sp_NIES-4071.fa_COG3239.faa.final_tree.fa___hmms___f39333fac73722eab3d951eb3da6490559a80c77ac83bc7045842387,19,11,12,0.9166666666666666,0.30132450331125826,0.16556291390728478,287.46304761904787,0.981102551600846,0.1430463576158936
desa-Calothrix_sp_PCC_6303.fa_COG3239.faa.final_tree.fa___hmms___c21076ab6c6c5a1dcd4c9ab3d30ed41b658d40efa31492259ef1d7d5,22,10,13,0.7692307692307693,0.3231292517006803,0.163265306122449,279.7270238095238,0.9814983291562239,0.24183673469387695
desa-Calothrix_sp_PCC_6303.fa_COG3239.faa.final_tree.fa___hmms___4726ca418183b0596179d0c69612c7ae9fc410f82f06aca2d09790f0,17,8,25,0.32,0.2841225626740947,0.1532033426183844,346.0551071428572,0.9887288775510206,-0.1075208913649024
desa-Calothrix_sp_PCC_6303.fa_COG3239.faa.final_tree.fa___hmms___4f44a67faf7a0966050ca40f815562539a1a6506c7f96009191540a1,27,10,20,0.5,0.31989247311827956,0.1424731182795699,357.6450238095239,0.9852479994752724,0.17661290322580642
desa-Calothrix_sp_PCC_6303.fa_COG3239.faa.final_tree.fa___hmms___dba90d08aa2784a2d9748fe078b8327e006bcb672af1bc3f9c68e8ba,19,10,21,0.47619047619047616,0.275,0.16944444444444445,346.7594404761904,0.9879186338353002,-0.12361111111111098
desa-Calothrix_sp_PCC_6303.fa_COG3239.faa.final_tree.fa___hmms___7d57e16a2beb732f667adaff7364fd7d9335ffad61da779699e02c66,16,9,13,0.6923076923076923,0.35220125786163525,0.11949685534591195,303.529261904762,0.9822953459701036,0.23490566037735833
desa-Calothrix_sp_PCC_7103.fa_COG3239.faa.final_tree.fa___hmms___4dadf55e96746651d610f814c9fdad40091d29cb8d6e1a76f2db81dd,11,11,15,0.7333333333333333,0.28308823529411764,0.15808823529411764,259.395142857143,0.9862933188484525,-0.12830882352941209
desa-Calothrix_sp_PCC_7103.fa_COG3239.faa.final_tree.fa___hmms___64ca2bf967653b8826728560741e59829262a2203f23931293207f6f,19,14,16,0.875,0.35,0.11764705882352941,325.3857619047618,0.98303855560351,0.19823529411764682
desa-Calothrix_sp_PCC_7103.fa_COG3239.faa.final_tree.fa___hmms___52d01126263d089f17d7932d56ea2e29aaad6ac7c65c24311a66f0dc,11,4,11,0.36363636363636365,0.3090909090909091,0.13090909090909092,262.1575714285714,0.9855547798066593,-0.013454545454545946
desa-Calothrix_sp_PCC_7103.fa_COG3239.faa.final_tree.fa___hmms___7c54e2926423b4e9d0383a4ee58cf6b0adefe03c7e7bd5d6d2071cd5,18,11,12,0.9166666666666666,0.3107142857142857,0.18571428571428572,266.1110595238096,0.9819596292391499,0.09714285714285707
desa-Calothrix_sp_PCC_7103.fa_COG3239.faa.final_tree.fa___hmms___b7c5238714450939b35ce2572a630b81098eb482d2b4aba1ad10cd1c,22,9,21,0.42857142857142855,0.25,0.175,346.56067857142824,0.9873523606023596,-0.07111111111111115
desa-Calothrix_sp_PCC_7103.fa_COG3239.faa.final_tree.fa___hmms___f7b05ea688dc5cae4847f65b0cd841bf3c2115e62560b48acf91d53e,24,9,16,0.5625,0.3604336043360433,0.14363143631436315,353.62492857142865,0.9822914682539685,0.3471544715447152
desa-Calothrix_sp_PCC_7103.fa_COG3239.faa.final_tree.fa___hmms___76e4df9a8a84806dc9c21b4df79e45fee3cb23b6a947a8999c83d1d1,26,12,16,0.75,0.33870967741935487,0.14784946236559138,357.0274166666667,0.9835466023875116,0.2580645161290321
desa-Calothrix_sp_PCC_7103.fa_COG3239.faa.final_tree.fa___hmms___560d542e24f505fca4d76e6d1a420d9ad59f49806f6dcef024149ae9,15,16,22,0.7272727272727273,0.2877094972067039,0.15921787709497207,344.17190476190495,0.9861659162232234,-0.08715083798882681
desa-Calothrix_sp_PCC_7103.fa_COG3239.faa.final_tree.fa___hmms___af56068badaeacb65a02e48294db3aa11999dc2da631ba6e1579c5b5,19,12,11,1.0909090909090908,0.3299319727891157,0.1598639455782313,279.7080238095238,0.9814316624895573,0.20612244897959145
desa-Calothrix_sp_PCC_7103.fa_COG3239.faa.final_tree.fa___hmms___7f1d085730115735ebab2b8d566b0376efe0efe7fe5467f0c9f6adef,16,15,8,1.875,0.3682432432432432,0.09797297297297297,282.11577380952383,0.9829817902770865,0.24087837837837775
desa-Calothrix_sp_PCC_7103.fa_COG3239.faa.final_tree.fa___hmms___27230b9528f874c4b451f5872bf9604132c54b227215d83f9a0f4b85,16,12,16,0.75,0.3425414364640884,0.12154696132596685,348.21325,0.9864398016997168,0.17541436464088378
desa-Calothrix_sp_PCC_7103.fa_COG3239.faa.final_tree.fa___hmms___ca45ab84b388e6b1122b6c0160c17b14c7cc22b32248eef4c4a1756d,19,21,21,1.0,0.3221153846153846,0.11538461538461539,402.7954761904761,0.9896694746694744,-0.0201923076923077
desa-Calothrix_sp_PCC_7507.fa_COG3239.faa.final_tree.fa___hmms___764673f1ebb40411a1239c1f87453e9156bb48b9f5075e54f420581e,20,8,17,0.47058823529411764,0.276056338028169,0.16338028169014085,341.81355952380943,0.9879004610514723,-0.1304225352112675
desa-Calothrix_sp_PCC_7507.fa_COG3239.faa.final_tree.fa___hmms___ea7c34f0ec8d52e40ff362ebc8ea72314d86ed981a4bdfc906a4ad2d,13,12,18,0.6666666666666666,0.2808022922636103,0.17478510028653296,334.53420238095254,0.9839241246498605,-0.041260744985673226
desa-Calothrix_sp_PCC_7507.fa_COG3239.faa.final_tree.fa___hmms___84a5a37eb0a64c8067e673a7e6b083ead6dfdc29ee3b458404ef6b00,11,4,18,0.2222222222222222,0.26771653543307083,0.1889763779527559,240.86395238095247,0.9831181729834795,0.03149606299212556
desa-Calothrix_sp_PCC_7507.fa_COG3239.faa.final_tree.fa___hmms___469a30486e9ed2cd6310ac99aa846a22af88ba04bce6e3a3f4118030,22,12,9,1.3333333333333333,0.30107526881720426,0.2007168458781362,264.59361904761926,0.9799763668430342,0.08817204301075261
desa-Calothrix_sp_PCC_7507.fa_COG3239.faa.final_tree.fa___hmms___ec8031212d8d214a262145c1a5044e695b702cefda24c1b38a60d6d9,16,12,11,1.0909090909090908,0.3277591973244147,0.17391304347826086,283.87754761904785,0.9788880952380961,0.16989966555183897
desa-Candidatus_Atelocyanobacterium_thalassa.fa_COG3239.faa.final_tree.fa___hmms___976960a7ad3abf55435fe37c43f7d216d0e55899937d8eafa8903939,18,14,11,1.2727272727272727,0.2975778546712803,0.18339100346020762,274.8937142857145,0.9817632653061232,0.14463667820069187
desa-Chlorogloeopsis_fritschii_PCC_6912.fa_COG3239.faa.final_tree.fa___hmms___50724c054ddf69271ab8ff0a3db7a49aefbfcae0acf60f4c37e2ef67,11,14,7,2.0,0.37630662020905925,0.10104529616724739,273.30714285714276,0.9831192189105855,0.1473867595818812
desa-Chlorogloeopsis_fritschii_PCC_6912.fa_COG3239.faa.final_tree.fa___hmms___442a39ca816afbb370781d48ecb1e1e13b3ef0b7be9fa3484e350c50,10,7,13,0.5384615384615384,0.3074074074074074,0.18148148148148147,256.0823928571431,0.9811585933223873,0.15814814814814757
desa-Chlorogloeopsis_fritschii_PCC_6912.fa_COG3239.faa.final_tree.fa___hmms___8c3155f801437d0f26c4bea8d6d1593b7b2af540bf9e352b91d8721f,18,12,14,0.8571428571428571,0.328125,0.128125,306.82925000000006,0.9865892282958201,-0.0037500000000000116
desa-Chlorogloeopsis_fritschii_PCC_6912.fa_COG3239.faa.final_tree.fa___hmms___e3aa49b5a8a60dcf45e896847938972a83b48bcbb8f8760f3e13e118,19,13,18,0.7222222222222222,0.2563380281690141,0.16901408450704225,341.08259523809517,0.9857878475089455,-0.14732394366197177
desa-Chlorogloeopsis_fritschii_PCC_6912.fa_COG3239.faa.final_tree.fa___hmms___39855449a3dae952e07113e9421e93dfba91634fa837a1d56240c5f1,18,15,19,0.7894736842105263,0.2969187675070028,0.16526610644257703,342.22789285714265,0.9834134852216743,0.02156862745098033
desa-Chlorogloeopsis_fritschii_PCC_6912.fa_COG3239.faa.final_tree.fa___hmms___cbf1436fa9b7b2819484ac1a9002db5a8e1bbe68197e69526b1dc4c9,22,18,7,2.5714285714285716,0.32361516034985427,0.1370262390670554,327.74910714285716,0.981284751924722,0.14256559766763793
desa-Chlorogloeopsis_fritschii_PCC_6912.fa_COG3239.faa.final_tree.fa___hmms___5594a52a345f1ad9a633c30bb5038d7e82a6a06fe2365a7fb5cab629,17,13,12,1.0833333333333333,0.3411371237458194,0.16387959866220736,284.01158333333336,0.9793502873563219,0.22775919732441413
desa-Chlorogloeopsis_fritschii_PCC_6912.fa_COG3239.faa.final_tree.fa___hmms___c8e18afec90f9c8af965535fd01dee8db8a95cb5ba1cc650335064f1,20,12,11,1.0909090909090908,0.32608695652173914,0.1847826086956522,261.5472619047619,0.9795777599429285,0.07391304347826066
desa-Chlorogloeopsis_fritschii_PCC_6912.fa_COG3239.faa.final_tree.fa___hmms___8c6b56937b0cadfa538e4b8586610fda182138b7d4e4e05cc2295d57,14,1,15,0.06666666666666667,0.3065134099616858,0.16858237547892718,247.02658333333324,0.9802642195767192,0.1823754789272023
desa-Chlorogloeopsis_fritschii_PCC_6912.fa_COG3239.faa.final_tree.fa___hmms___296a8b4dbbd067792f00819e269bbbdf4f2b66aa04aa3b4e63d4ec7e,15,14,18,0.7777777777777778,0.353125,0.11875,306.8490476190476,0.9866528862348798,0.22687499999999944
desa-Chlorogloeopsis_fritschii_PCC_9212.fa_COG3239.faa.final_tree.fa___hmms___bc093b2d1b15cd9faf339ffb474bd35689112cc23c0a5923e9f647a6,18,15,19,0.7894736842105263,0.2969187675070028,0.16526610644257703,342.22789285714265,0.9834134852216743,0.02156862745098033
desa-Chlorogloeopsis_fritschii_PCC_9212.fa_COG3239.faa.final_tree.fa___hmms___0013ec8635d7831b74566cb53f6cd7b94390892f1806bd99a0a53312,19,13,18,0.7222222222222222,0.2563380281690141,0.16901408450704225,341.08259523809517,0.9857878475089455,-0.14732394366197177
desa-Chlorogloeopsis_fritschii_PCC_9212.fa_COG3239.faa.final_tree.fa___hmms___67887a46897da335604352013967e28bc69402075595ddca24ae2040,10,7,13,0.5384615384615384,0.3074074074074074,0.18148148148148147,256.0823928571431,0.9811585933223873,0.15814814814814757
desa-Chlorogloeopsis_fritschii_PCC_9212.fa_COG3239.faa.final_tree.fa___hmms___db4e971329d7056dc515910ab483293f166000b5378f37122ad2a034,14,1,15,0.06666666666666667,0.3065134099616858,0.16858237547892718,247.02658333333324,0.9802642195767192,0.1823754789272023
desa-Chlorogloeopsis_fritschii_PCC_9212.fa_COG3239.faa.final_tree.fa___hmms___76a894690756b290e8f2941a70f56e7ba1dc1deaa57a5b3b45a306c0,20,12,11,1.0909090909090908,0.32608695652173914,0.1847826086956522,261.5472619047619,0.9795777599429285,0.07391304347826066
desa-Chlorogloeopsis_fritschii_PCC_9212.fa_COG3239.faa.final_tree.fa___hmms___2c8475a0d2fb6fbf0c72caa80ecb44915a969dc86a3f012af72786d8,17,13,12,1.0833333333333333,0.3411371237458194,0.16387959866220736,284.01158333333336,0.9793502873563219,0.22775919732441413
desa-Chlorogloeopsis_fritschii_PCC_9212.fa_COG3239.faa.final_tree.fa___hmms___5fd2bb3174c91cecf5c4b43d2416dd92b9dd1ea6359a07260e523a1e,22,18,7,2.5714285714285716,0.32361516034985427,0.1370262390670554,327.74910714285716,0.981284751924722,0.14256559766763793
desa-Chlorogloeopsis_fritschii_PCC_9212.fa_COG3239.faa.final_tree.fa___hmms___b79f9aa05ad83ee6c641ece0baf75408551b6dcc258dba2c2fa33274,11,14,7,2.0,0.37630662020905925,0.10104529616724739,273.30714285714276,0.9831192189105855,0.1473867595818812
desa-Chlorogloeopsis_fritschii_PCC_9212.fa_COG3239.faa.final_tree.fa___hmms___1c12d2b7ca5ba3b014314166e9a0d0f24c03f14823dd67255e865e30,15,14,18,0.7777777777777778,0.353125,0.11875,306.8490476190476,0.9866528862348798,0.22687499999999944
desa-Chlorogloeopsis_fritschii_PCC_9212.fa_COG3239.faa.final_tree.fa___hmms___a34c3b8fce02a2ca1079e307833b3124aeca4d138d3b71a2ac422574,18,12,14,0.8571428571428571,0.328125,0.128125,306.82925000000006,0.9865892282958201,-0.0037500000000000116
desa-Chondrocystis_sp_NIES-4102.fa_COG3239.faa.final_tree.fa___hmms___6a299bd2723037c746eb7033635384291e4d1f539845563aaeac6c28,16,12,17,0.7058823529411765,0.29461756373937675,0.1501416430594901,339.12255952380957,0.9858213939645627,-0.07053824362606247
desa-Chondrocystis_sp_NIES-4102.fa_COG3239.faa.final_tree.fa___hmms___e4bc7f0b507b027b91b4661b72ed589b62781132cf8b301b1edd263b,17,19,10,1.9,0.3372093023255814,0.14825581395348836,329.1217500000002,0.9824529850746274,0.23488372093023197
desa-Chondrocystis_sp_NIES-4102.fa_COG3239.faa.final_tree.fa___hmms___99d73076f2862f7b5f71537a72479d90e3d511b7fe0a90d60ec48350,19,13,9,1.4444444444444444,0.33333333333333337,0.16151202749140894,276.3250714285716,0.9798761398176299,0.26563573883161445
desa-Chondrocystis_sp_NIES-4102.fa_COG3239.faa.final_tree.fa___hmms___59c51918280fe54e11e8f2e4737a0177c1eade05fa305296284d40c1,19,9,14,0.6428571428571429,0.31672597864768687,0.19217081850533807,266.8999047619049,0.9812496498599446,0.11067615658362975
desa-Chroococcidiopsis_thermalis_PCC_7203.fa_COG3239.faa.final_tree.fa___hmms___3218d0cde4040112739a5bbc3af612c413c8f4b270ff41f16e8a8136,20,16,10,1.6,0.26330532212885155,0.17366946778711484,342.0233571428575,0.9828257389162571,-0.10728291316526606
desa-Chroococcidiopsis_thermalis_PCC_7203.fa_COG3239.faa.final_tree.fa___hmms___88949f1732a9c050473ff42a76c1a579250fd5d5563b44ed951c2cfc,22,14,10,1.4,0.3238434163701068,0.1708185053380783,267.4671785714288,0.9833352153361353,0.01743772241992873
desa-Chroococcidiopsis_thermalis_PCC_7203.fa_COG3239.faa.final_tree.fa___hmms___7f35efbaff3325c6985e30379ff327c47c326dd2ff05d40a5a7c7764,20,14,9,1.5555555555555556,0.3333333333333333,0.1773049645390071,267.5330357142858,0.9799744897959187,0.08900709219858137
desa-Chroococcidiopsis_thermalis_PCC_7203.fa_COG3239.faa.final_tree.fa___hmms___8471e8ce9c8b34c8b5fbf97e1fdcfb78bfcdf9c2088acc26a1b613bb,21,15,14,1.0714285714285714,0.28690807799442897,0.1754874651810585,344.1984166666666,0.9834240476190474,0.028690807799442705
desa-Chroococcidiopsis_thermalis_PCC_7203.fa_COG3239.faa.final_tree.fa___hmms___e7b022119c6c23727a083d91c0c3114a161629209860288d7f049890,13,12,7,1.7142857142857142,0.32958801498127344,0.16479400749063672,253.0900119047618,0.9809690383905496,0.07940074906367006
desa-Chroococcidiopsis_thermalis_PCC_7203.fa_COG3239.faa.final_tree.fa___hmms___024cd5911906726c98a25564a001e86c83494afb0314df7074983b73,16,13,10,1.3,0.3096774193548387,0.16129032258064516,295.62848809523814,0.98215444549913,0.02225806451612898
desa-Chroococcidiopsis_thermalis_PCC_7203.fa_COG3239.faa.final_tree.fa___hmms___818a23e1b3ed6d9994e315c60e66995f371c5d8d7e84ae8de65d6adf,22,15,6,2.5,0.3206997084548105,0.12536443148688045,328.0832142857144,0.9822850727117197,0.07900874635568486
desa-Chroococcidiopsis_thermalis_PCC_7203.fa_COG3239.faa.final_tree.fa___hmms___19ffc3e1a78d1c7e2abbc726d1e466d3a0fe9764e642a4e7de28e6c5,18,25,5,5.0,0.33773087071240104,0.1662269129287599,363.09654761904756,0.9813420205920205,0.13878627968337717
desa-Chroogloeocystis_siderophila_5_2_s_c_1.fa_COG3239.faa.final_tree.fa___hmms___c2aef7e4b89e1365e0435b0efb324fe48a15cfe0a179d7355ce2169a,11,4,14,0.2857142857142857,0.29133858267716534,0.18110236220472442,240.9363214285715,0.9834135568513122,0.0842519685039365
desa-Chroogloeocystis_siderophila_5_2_s_c_1.fa_COG3239.faa.final_tree.fa___hmms___0d29fde4a2ab2e0d23c3603de581892ce0d8389e01d3be840a82f454,22,17,11,1.5454545454545454,0.34883720930232553,0.1453488372093023,329.3627261904761,0.9831723169864959,0.22877906976744125
desa-Chroogloeocystis_siderophila_5_2_s_c_1.fa_COG3239.faa.final_tree.fa___hmms___315d1b265deb0ef7cdd116747e2aaf8e8472300f577e23e277cc02ed,16,17,9,1.8888888888888888,0.3224755700325733,0.15960912052117265,292.1301785714285,0.9803026126558002,0.08110749185667702
desa-Chroogloeocystis_siderophila_5_2_s_c_1.fa_COG3239.faa.final_tree.fa___hmms___861d222b028f18ae780c9397d8dd319f6e664e9e8178e456adb9a17b,17,16,13,1.2307692307692308,0.29022988505747127,0.16091954022988506,333.3685595238093,0.9833880811911779,-0.05344827586206903
desa-Chroogloeocystis_siderophila_5_2_s_c_1.fa_COG3239.faa.final_tree.fa___hmms___408a8fd4c6134e0f8cee8feeff2066918e5360eb474f8dc3c2b240fa,20,13,9,1.4444444444444444,0.31785714285714284,0.17857142857142858,266.0306785714287,0.9816630205587775,0.055714285714285626
desa-Crinalium_epipsammum_PCC_9333.fa_COG3239.faa.final_tree.fa___hmms___23b1777fec771526f2234e895a1b94f1e9d69076d858753602f48771,11,8,11,0.7272727272727273,0.30739299610894943,0.17898832684824903,243.7169761904764,0.9827297427035339,0.02957198443579703
desa-Crinalium_epipsammum_PCC_9333.fa_COG3239.faa.final_tree.fa___hmms___158f05e6d06b0f0e80eb36a32d6c51d54046ab929af663bcf5c143e6,18,8,21,0.38095238095238093,0.26136363636363635,0.19318181818181818,337.8647976190478,0.9850285644870198,-0.0838068181818181
desa-Crinalium_epipsammum_PCC_9333.fa_COG3239.faa.final_tree.fa___hmms___4947b9035775450069b79015a1d622692c19f14af08171ec0ceb327a,15,15,19,0.7894736842105263,0.28851540616246496,0.15406162464985995,343.6173095238096,0.9874060618500275,-0.10868347338935581
desa-Crinalium_epipsammum_PCC_9333.fa_COG3239.faa.final_tree.fa___hmms___f42da22371b407d64bfa59b0b4578ea379d98f558eb4073e11db7cf1,17,16,12,1.3333333333333333,0.3156146179401993,0.16279069767441862,287.0333333333334,0.982990867579909,0.02624584717607971
desa-Crinalium_epipsammum_PCC_9333.fa_COG3239.faa.final_tree.fa___hmms___0907e718685cd469ae8a73cf27f608e263cb84c87a5d69a4101403b2,21,13,9,1.4444444444444444,0.3263157894736842,0.16140350877192983,271.39097619047595,0.9833006383712897,0.0642105263157893
desa-Crinalium_epipsammum_PCC_9333.fa_COG3239.faa.final_tree.fa___hmms___6e0ecb87b68c7dd760f6606b4111432db8ea5971ef89c1889191effa,12,15,17,0.8823529411764706,0.33665835411471323,0.13216957605985036,386.7681904761907,0.9866535471331395,0.18653366583541123
desa-Crocosphaera_subtropica_ATCC_51142.fa_COG3239.faa.final_tree.fa___hmms___039e27fffa7b8a01107053a114ee13c821b8644adf6722a5e1bdd0c3,16,15,12,1.25,0.29940119760479045,0.15868263473053892,319.6128809523809,0.983424249084249,-0.03173652694610799
desa-Crocosphaera_subtropica_ATCC_51142.fa_COG3239.faa.final_tree.fa___hmms___aa693d859f2da4ecc0251b673db7b2eb40806b4e871f662e15d48c83,16,11,16,0.6875,0.3285198555956679,0.18772563176895307,263.27470238095276,0.9823682924662417,0.09350180505415158
desa-Crocosphaera_subtropica_ATCC_51142.fa_COG3239.faa.final_tree.fa___hmms___a9b670bd3377b44f9001a22049ec0a16826e19225816c2c9543a9428,16,13,17,0.7647058823529411,0.2836676217765043,0.16332378223495703,334.8259880952381,0.9847823179271709,-0.08280802292263627
desa-Crocosphaera_subtropica_ATCC_51142.fa_COG3239.faa.final_tree.fa___hmms___37fee9c5f90ad00668f93c4e83a862e8cec16fcf2327a17ed35be4db,14,12,10,1.2,0.340625,0.14687499999999998,305.6242738095237,0.9827147067830344,0.18093749999999958
desa-Crocosphaera_subtropica_ATCC_51142.fa_COG3239.faa.final_tree.fa___hmms___6478bfb0db340584b103896e206f083fc18641f4f4ca9c09ccf0440e,22,14,19,0.7368421052631579,0.2664756446991404,0.18051575931232092,334.857047619048,0.9848736694677882,-0.035530085959885355
desa-Crocosphaera_subtropica_ATCC_51142.fa_COG3239.faa.final_tree.fa___hmms___dced4397ce5af8fd66feff77207aa6e0f308526995ef8e8612590580,21,13,12,1.0833333333333333,0.3063973063973064,0.1750841750841751,282.22969047619046,0.979964203042328,0.15656565656565613
desa-Cyanobacterium_aponinum_PCC_10605.fa_COG3239.faa.final_tree.fa___hmms___639d2f254cf59b69c77cbba143983ad0f568e23aff9d9a790ce9b7ff,20,14,11,1.2727272727272727,0.30375426621160406,0.18430034129692835,278.71075000000013,0.9813758802816906,0.18976109215017012
desa-Cyanobacterium_aponinum_PCC_10605.fa_COG3239.faa.final_tree.fa___hmms___08736e6646cfbb57ce3a75db737a41b01e8fe3e5ccf139f3c5d41646,8,8,3,2.6666666666666665,0.3125,0.17613636363636365,162.64292857142854,0.9739097519247218,0.22443181818181782
desa-Cyanobacterium_aponinum_PCC_10605.fa_COG3239.faa.final_tree.fa___hmms___078d731a8d2558505091620df759e223515d3b01b3d8242e0bddff88,7,8,3,2.6666666666666665,0.29775280898876405,0.20224719101123595,164.47924999999998,0.9732499999999998,0.2601123595505615
desa-Cyanobacterium_sp_IPPAS_B-1200.fa_COG3239.faa.final_tree.fa___hmms___2eed9a682757f2fc21b88eaa7f1de6fe527afb6fc36e8b8351225ab7,14,6,8,0.75,0.29411764705882354,0.19607843137254902,241.0987261904762,0.980076122725513,0.22470588235294067
desa-Cyanobacterium_sp_IPPAS_B-1200.fa_COG3239.faa.final_tree.fa___hmms___7650809e07eb44069acf71ae246ef4e198452bd3f751cb848245a240,21,12,13,0.9230769230769231,0.3129251700680272,0.17687074829931973,279.4847023809525,0.980648078529658,0.2350340136054415
desa-Cyanobacterium_stanieri_PCC_7202.fa_COG3239.faa.final_tree.fa___hmms___35ae1ea7ed6d545e3bf9bc33e49e64d1a030a5591a3583bf0203605d,23,13,12,1.0833333333333333,0.3163265306122449,0.17006802721088438,279.6067023809524,0.9810761487050962,0.2132653061224484
desa-Cyanobium_gracile_PCC_6307.fa_COG3239.faa.final_tree.fa___hmms___8857aba09119fab3019bb878bb4e909cd29c8881e6ebfee8477b22c2,26,20,4,5.0,0.33994334277620397,0.13314447592067988,337.8132976190476,0.9820154000553709,0.23654390934844152
